	cdr3	umis	X_UMAP	Y_UMAP
115	CVVNRGYSSASKIIF	4	0.11685615	1.4590966
830	CVVNRGYSSASKIIF	7	3.958117	-2.601464
2126	CVVNRGYSSASKIIF	3	-2.9177246	-1.2540137
140	CSARGSGRAPDTQYF	13	1.3977176	2.3536282
149	CSARPWESLSYEQYF	8	3.4720948	-0.015943756
187	CAAGGDDKIIF	1	5.014834	-3.09162
265	CSARPWESLSYEQYF	11	3.5065172	-1.038287
349	CSARTGDGDTGELFF	8	-0.30369243	2.9151201
397	CSARPWESLSYEQYF	11	3.3440883	-1.1575824
432	CAAGGDDKIIF	3	7.4340878	-2.2377841
456	CSARGSGRAPDTQYF	11	5.1020303	-1.8401085
555	CSARGSGRAPDTQYF	18	3.0793798	2.9180923
564	CSARGSGRAPDTQYF	14	5.3773746	-1.5059704
621	CSARGSGRAPDTQYF	12	4.672	-1.7149259
633	CSARPWESLSYEQYF	5	4.3803988	-2.5921946
693	CSARTGDGDTGELFF	8	-1.5270376	4.0582323
745	CSARPWESLSYEQYF	9	3.7741988	-1.7277042
786	CSARPWESLSYEQYF	11	2.8723156	-0.81213605
792	CSARTGDGDTGELFF	4	-1.5624204	5.0402184
852	CSARPWESLSYEQYF	7	-1.3128524	3.5424426
949	CSARGSGRAPDTQYF	13	6.258691	-2.9188845
974	CSARTGDGDTGELFF	5	-0.1988148	4.239736
983	CSARPWESLSYEQYF	12	3.2658799	-0.20902453
997	CSARTGDGDTGELFF	18	3.8682017	-2.1021187
1009	CSARPWESLSYEQYF	4	3.6297536	-0.8303492
1013	CSARGSGRAPDTQYF	10	4.0434647	-2.388267
1098	CSARPWESLSYEQYF	12	1.488696	2.0856206
1102	CSARPWESLSYEQYF	11	1.6821213	1.9585838
1176	CSARPWESLSYEQYF	6	3.1791635	2.891623
1179	CSARGSGRAPDTQYF	5	1.8669852	-0.10372602
1188	CSARPWESLSYEQYF	9	7.455147	-1.3403739
1256	CSARGSGRAPDTQYF	5	4.774004	-2.2799153
1279	CSARGSGRAPDTQYF	9	7.477769	-2.0608716
1280	CSARGSGRAPDTQYF	14	4.726512	-1.8895828
1336	CAAGGDDKIIF	4	5.8974442	-3.8354168
1375	CSARGSGRAPDTQYF	12	4.233055	-2.3116086
1377	CSARGSGRAPDTQYF	9	7.8976164	-1.832019
1489	CSARPWESLSYEQYF	8	2.4124868	1.7304323
1491	CSARGSGRAPDTQYF	17	5.2498026	-2.4515598
1518	CSARPWESLSYEQYF	6	2.693398	-0.09112274
1523	CSARTGDGDTGELFF	8	-0.46526387	4.3333774
1568	CSARTGDGDTGELFF	12	-2.756042	1.0849307
1664	CSARTGDGDTGELFF	10	-1.7151325	5.006622
1748	CSARPWESLSYEQYF	9	-6.6683106	1.7329625
1794	CSARGSGRAPDTQYF	11	4.1731205	-2.7888224
1802	CSARPWESLSYEQYF	8	3.2348394	0.37426692
1827	CSARGSGRAPDTQYF	10	1.3796339	1.1294637
1887	CSARGSGRAPDTQYF	11	5.027033	-0.4767108
1900	CSARGSGRAPDTQYF	29	3.2787602	0.85038215
1909	CSARPWESLSYEQYF	14	6.184624	-1.037882
1929	CSARGSGRAPDTQYF	12	4.7314568	-2.7347562
2069	CSARGSGRAPDTQYF	12	5.9093113	-2.742992
2092	CSARTGDGDTGELFF	10	-0.59014475	4.0469537
2107	CSARPWESLSYEQYF	15	2.7697947	0.13453366
2216	CSARGSGRAPDTQYF	11	5.8006268	-2.982961
2236	CAAGGDDKIIF	5	7.003055	-1.1688799
2239	CSARGSGRAPDTQYF	17	8.3214445	-1.4396592
2243	CSARGSGRAPDTQYF	26	-3.4986029	-3.0923996
2301	CSARPWESLSYEQYF	10	2.9451296	0.32282084
2322	CSARGSGRAPDTQYF	14	1.7278079	0.37511832
2363	CSARTGDGDTGELFF	8	-3.340209	-0.8156997
2397	CSARGSGRAPDTQYF	20	3.0976934	2.549473
2408	CSARPWESLSYEQYF	8	3.5619156	-2.2172718
2413	CSARGSGRAPDTQYF	6	3.530382	-0.3252691
2445	CAAGGDDKIIF	2	6.9585986	-2.3352964
2451	CSARPWESLSYEQYF	12	3.198613	0.5011088
2470	CSARGSGRAPDTQYF	12	4.3021507	-2.5917852
2484	CSARPWESLSYEQYF	8	3.128965	2.059928
2496	CSARGSGRAPDTQYF	5	3.551247	2.6131856
2503	CSARGSGRAPDTQYF	13	7.8520393	-2.0065792
2549	CSARGSGRAPDTQYF	17	6.82891	-1.1337456
2562	CSARTGDGDTGELFF	6	-3.7784765	-0.28796065
2583	CSARGSGRAPDTQYF	13	4.132422	-1.8094343
2594	CSARGSGRAPDTQYF	13	2.0198035	1.9679658
2630	CSARPWESLSYEQYF	12	3.7416098	-1.8598107
2665	CSARGSGRAPDTQYF	12	6.04613	-2.114455
2708	CSARGSGRAPDTQYF	17	7.9752903	-1.2843779
2732	CSARPWESLSYEQYF	20	7.614381	-0.89411736
2766	CAAGGDDKIIF	2	6.3005624	-2.1820498
2809	CSARGSGRAPDTQYF	13	3.5102835	-0.046595983
2878	CSARTGDGDTGELFF	4	1.2378238	0.6910216
2882	CAAGGDDKIIF	1	5.643831	-3.5465608
2977	CSARPWESLSYEQYF	8	3.2847652	-0.82030904
2990	CSARPWESLSYEQYF	8	3.3049302	1.9806855
2994	CSARGSGRAPDTQYF	8	4.077763	-2.261857
3112	CSARPWESLSYEQYF	8	4.2219305	-0.9719229
3132	CAAGGDDKIIF	4	7.2858524	-2.5225976
3188	CSARPWESLSYEQYF	15	3.8362238	-1.5227259
3204	CSARGSGRAPDTQYF	10	6.1834183	-1.7248901
3241	CSARPWESLSYEQYF	17	3.545097	-1.694184
3288	CSARGSGRAPDTQYF	6	7.844152	-1.2300605
3309	CSARGSGRAPDTQYF	14	4.473993	-2.0273538
3455	CSARPWESLSYEQYF	13	3.1601114	2.4919295
3487	CSARGSGRAPDTQYF	18	4.1671104	-1.6672286
3488	CSARPWESLSYEQYF	7	2.5738113	2.5576098
3595	CSARPWESLSYEQYF	4	-5.9314575	1.4082826
3601	CSARGSGRAPDTQYF	13	5.637862	-3.4449658
3662	CSARPWESLSYEQYF	7	0.9411012	1.6232827
3697	CSARPWESLSYEQYF	5	2.2951581	0.2648669
3721	CSARGSGRAPDTQYF	18	6.0118117	-2.6079435
3792	CSARGSGRAPDTQYF	12	7.6190467	-1.0133947
3795	CSARPWESLSYEQYF	10	5.4650817	-2.5745108
3798	CSARPWESLSYEQYF	12	3.4490483	1.2992421
3804	CSARGSGRAPDTQYF	15	3.4436111	-0.5105779
3807	CSARPWESLSYEQYF	8	3.215091	0.51949805
3848	CSARGSGRAPDTQYF	21	4.105002	-1.7522398
3865	CSARGSGRAPDTQYF	23	5.104048	-0.2899444
3867	CSARPWESLSYEQYF	10	3.0869963	0.10035486
3884	CSARGSGRAPDTQYF	19	6.0140486	-2.136715
3997	CSARTGDGDTGELFF	11	5.013282	0.9751425
4013	CSARPWESLSYEQYF	10	2.540996	0.95422924
4027	CSARGSGRAPDTQYF	12	5.848048	-0.66828215
4069	CSARGSGRAPDTQYF	6	3.0990598	1.7201093
4079	CSARGSGRAPDTQYF	16	4.0594397	-2.399913
4092	CAAGGDDKIIF	2	6.984153	-0.2832446
4137	CSARGSGRAPDTQYF	7	5.7799067	-3.4825568
4246	CSARPWESLSYEQYF	8	2.7376807	0.8299687
4279	CSARGSGRAPDTQYF	10	4.7191744	-2.9084334
4308	CAAGGDDKIIF	2	7.6941586	-1.6891488
4350	CSARPWESLSYEQYF	3	2.7098453	2.7873814
4404	CSARPWESLSYEQYF	21	3.1354775	0.89880216
4459	CSARGSGRAPDTQYF	11	7.600085	-1.8131186
4488	CSARPWESLSYEQYF	12	3.9227552	-2.4300377
4504	CSARPWESLSYEQYF	15	3.8445582	-2.60306
4521	CSARTGDGDTGELFF	10	-0.37455514	1.8731235
4526	CSARGSGRAPDTQYF	12	5.0388284	-2.581015
4550	CSARTGDGDTGELFF	9	-0.16616108	1.8605298
4576	CSARPWESLSYEQYF	8	3.5627594	0.4362154
4645	CSARTGDGDTGELFF	15	3.1850765	-3.162507
4763	CSARPWESLSYEQYF	10	2.5685265	0.68301916
4816	CSARGSGRAPDTQYF	12	4.5194755	-2.314316
4835	CSARTGDGDTGELFF	11	-1.464379	5.0027604
4855	CSARPWESLSYEQYF	3	2.666783	2.8501747
4944	CSARGSGRAPDTQYF	12	4.850139	-1.817269
4954	CSARPWESLSYEQYF	13	2.4674137	2.1603673
4964	CSARGSGRAPDTQYF	12	5.808822	-1.5456451
4976	CSARPWESLSYEQYF	13	4.213466	-1.4876095
5027	CSARGSGRAPDTQYF	11	4.662871	-2.368841
5063	CSARGSGRAPDTQYF	13	5.4450445	-3.5249414
5087	CSARGSGRAPDTQYF	9	3.6773627	0.041031726
5336	CSARPWESLSYEQYF	13	4.1448603	-2.0937629
5355	CSARGSGRAPDTQYF	15	1.0102316	0.941615
5377	CSARPWESLSYEQYF	2	3.2542908	2.9602635
5435	CSARPWESLSYEQYF	9	5.3138156	-0.18070434
5592	CSARGSGRAPDTQYF	13	6.0367527	-2.2487774
5627	CSARPWESLSYEQYF	8	3.1685627	-1.4423734
5651	CSARTGDGDTGELFF	8	2.7966166	-3.4775414
5680	CAAGGDDKIIF	2	7.8164644	-1.1316026
5687	CSARGSGRAPDTQYF	23	4.969685	-2.4260125
5706	CSARGSGRAPDTQYF	9	4.135343	-2.266779
5709	CAAGGDDKIIF	1	-7.2681375	-0.6138464
5788	CSARPWESLSYEQYF	7	2.7682548	-0.09300374
5818	CAAGGDDKIIF	4	5.9112163	-3.1865883
5897	CSARGSGRAPDTQYF	10	7.0211644	-1.5602967
5914	CSARGSGRAPDTQYF	10	0.3505108	1.5874492
5984	CAAGGDDKIIF	3	6.349268	-2.3587904
6009	CSARPWESLSYEQYF	10	5.5680695	-3.6384988
6055	CSARGSGRAPDTQYF	14	5.5959525	-2.9884348
6093	CSARPWESLSYEQYF	6	3.8610377	-0.2827133
6115	CSARGSGRAPDTQYF	9	2.4828632	0.07746089
6183	CSARPWESLSYEQYF	15	4.3989754	-1.463082
6195	CSARGSGRAPDTQYF	11	2.7857223	0.3273868
6200	CSARPWESLSYEQYF	9	1.3805784	1.0549775
6203	CSARGSGRAPDTQYF	7	5.5388083	-1.89753
6251	CSARPWESLSYEQYF	8	3.6791742	0.24321236
6252	CSARPWESLSYEQYF	9	3.875775	-2.3694456
6261	CSARGSGRAPDTQYF	13	5.374084	-2.6472898
6281	CSARGSGRAPDTQYF	15	7.518913	-1.0412852
6309	CSARGSGRAPDTQYF	11	4.7532077	-1.5744504
6338	CSARGSGRAPDTQYF	12	5.2798247	-2.3791358
6370	CAAGGDDKIIF	1	5.60175	-2.9865093
6405	CSARGSGRAPDTQYF	11	3.010695	-0.005008331
6441	CSARPWESLSYEQYF	13	2.5542214	0.4586402
6482	CSARGSGRAPDTQYF	11	5.339565	-1.5912598
6489	CSARPWESLSYEQYF	7	1.6234484	2.7664406
6552	CSARPWESLSYEQYF	14	3.2724214	-0.6038455
6609	CSARPWESLSYEQYF	11	3.7086682	-0.020819476
6632	CSARGSGRAPDTQYF	13	-0.57331556	3.2147195
6642	CSARGSGRAPDTQYF	11	3.6832888	-1.2135454
6693	CSARGSGRAPDTQYF	7	5.8369584	-2.5979578
6728	CSARGSGRAPDTQYF	11	6.2480555	-2.3789012
6789	CSARTGDGDTGELFF	6	2.9041617	1.1365372
6812	CSARPWESLSYEQYF	14	4.1452265	-2.2151859
6836	CSARGSGRAPDTQYF	8	4.1398525	-1.3122638
6857	CSARPWESLSYEQYF	9	2.7439115	2.5882108
6876	CSARPWESLSYEQYF	11	3.2872715	1.3764452
6986	CSARPWESLSYEQYF	13	3.1731174	0.37146282
7011	CSARGSGRAPDTQYF	17	6.8653946	-0.4914477
7017	CSARPWESLSYEQYF	10	7.367763	-0.8755373
7026	CAAGGDDKIIF	3	-5.3345695	-2.4630558
7101	CSARPWESLSYEQYF	3	2.3468451	-0.25126183
7179	CSARPWESLSYEQYF	6	2.3067677	-0.0127863195
7326	CSARPWESLSYEQYF	9	2.812476	3.1505988
7382	CSARGSGRAPDTQYF	5	4.532669	-2.635384
7598	CSARTGDGDTGELFF	5	-1.0754097	4.034335
7635	CSARPWESLSYEQYF	5	2.4849687	1.7587707
7665	CSARTGDGDTGELFF	10	-0.111088105	2.8442771
7666	CSARGSGRAPDTQYF	10	4.095743	-1.6641084
7696	CSARGSGRAPDTQYF	19	4.233412	-1.4786476
7712	CSARPWESLSYEQYF	3	3.3350995	-0.047968082
7815	CSARTGDGDTGELFF	13	-1.688579	4.9803634
7834	CAAGGDDKIIF	1	8.377802	-2.0979369
7928	CSARGSGRAPDTQYF	17	6.3397694	-0.38406134
7970	CSARTGDGDTGELFF	4	3.5520365	-2.0639117
8047	CSARPWESLSYEQYF	15	2.701402	0.91898453
8081	CAAGGDDKIIF	2	4.134989	-3.4059463
8089	CSARGSGRAPDTQYF	8	4.234009	-2.0187905
8112	CSARPWESLSYEQYF	5	3.65866	-1.6991786
8137	CSARGSGRAPDTQYF	10	2.3624833	0.41841185
8149	CSARGSGRAPDTQYF	11	7.7234507	-1.8693091
8183	CSARPWESLSYEQYF	15	3.5005789	-1.1608056
8190	CSARGSGRAPDTQYF	11	5.830053	-2.6294968
8213	CSARTGDGDTGELFF	3	-1.5717738	4.9545617
8242	CSARGSGRAPDTQYF	11	5.0064445	-2.8809175
8322	CSARPWESLSYEQYF	13	3.3612115	0.95163107
8410	CSARPWESLSYEQYF	7	6.36051	-1.4548308
8450	CSARPWESLSYEQYF	1	5.63177	-2.279428
8470	CSARGSGRAPDTQYF	6	3.3718421	1.6536422
8479	CSARTGDGDTGELFF	18	-0.010816287	1.8750428
8582	CSARGSGRAPDTQYF	13	7.500067	-1.4439698
8645	CSARPWESLSYEQYF	9	1.9010627	2.111533
8668	CSARGSGRAPDTQYF	8	4.2875695	-2.2174773
8731	CSARGSGRAPDTQYF	12	6.280479	-3.3251271
8733	CSARGSGRAPDTQYF	22	5.8831224	-3.5628638
8805	CSARGSGRAPDTQYF	12	6.3311515	-0.9460137
8841	CSARGSGRAPDTQYF	15	8.010157	-1.8919178
8879	CSARPWESLSYEQYF	8	3.9901237	1.0663666
8893	CSARGSGRAPDTQYF	13	5.587969	-2.643827
8948	CSARPWESLSYEQYF	7	4.260251	-1.7014116
9086	CSARGSGRAPDTQYF	5	8.370301	-1.5670449
9106	CSARGSGRAPDTQYF	13	8.067014	-1.4139866
9140	CSARTGDGDTGELFF	7	-0.47223797	3.647357
9179	CSARGSGRAPDTQYF	9	4.304232	-1.2095081
9194	CSARTGDGDTGELFF	6	-0.1464182	3.773705
9283	CSARGSGRAPDTQYF	11	4.3805814	-1.9290615
9302	CAAGGDDKIIF	2	5.7277164	-3.1231747
9308	CSARGSGRAPDTQYF	12	5.7905188	-1.7011226
9532	CSARGSGRAPDTQYF	12	2.050694	-0.46087635
9615	CSARGSGRAPDTQYF	6	3.2764409	1.5928686
9640	CSARPWESLSYEQYF	10	3.6536844	0.48832995
9835	CAAGGDDKIIF	8	7.804771	-2.0913093
9965	CSARGSGRAPDTQYF	21	5.286267	-2.4027593
10027	CSARTGDGDTGELFF	6	-0.45657024	3.2934864
10134	CSARGSGRAPDTQYF	13	3.0341694	0.59654063
10152	CSARPWESLSYEQYF	16	3.7381117	-0.9744512
10198	CSARGSGRAPDTQYF	4	2.7067118	1.2098435
10245	CSARGSGRAPDTQYF	9	7.927267	-1.462349
10333	CSARPWESLSYEQYF	19	1.6505903	1.1998203
10387	CSARGSGRAPDTQYF	17	5.0314174	-2.3860104
10399	CSARGSGRAPDTQYF	9	6.4787025	-1.4904116
10447	CSARPWESLSYEQYF	9	5.2852736	-0.4554819
10472	CSARPWESLSYEQYF	17	3.5997217	3.1070933
10476	CSARGSGRAPDTQYF	7	8.11318	-1.5340606
10538	CSARTGDGDTGELFF	10	-1.1820146	4.3560467
10596	CSARPWESLSYEQYF	13	2.3941321	-0.14670704
10614	CSARGSGRAPDTQYF	10	4.049375	-2.4984443
10633	CSARPWESLSYEQYF	13	2.7022467	2.2150655
10737	CSARPWESLSYEQYF	7	3.6978383	-2.0342107
10775	CSARGSGRAPDTQYF	5	1.8985778	1.1048738
10807	CSARPWESLSYEQYF	7	3.3503184	-1.6644806
10933	CSARGSGRAPDTQYF	14	8.108381	-2.2491438
10951	CSARTGDGDTGELFF	9	-1.4329693	1.5570333
10960	CSARPWESLSYEQYF	13	3.7047772	1.9789926
10963	CSARTGDGDTGELFF	5	-4.0844884	-1.0751375
11030	CSARPWESLSYEQYF	13	3.9192588	-0.1527506
11041	CSARPWESLSYEQYF	7	4.3372993	-3.236823
11073	CSARPWESLSYEQYF	21	2.581967	0.78408635
11089	CSARGSGRAPDTQYF	18	3.506504	-0.6951382
11177	CSARPWESLSYEQYF	7	3.6916766	-1.585981
11321	CAAGGDDKIIF	2	7.5795574	-2.3770728
11326	CSARPWESLSYEQYF	9	3.1602366	2.8819106
11337	CSARPWESLSYEQYF	15	3.132053	0.19478805
11345	CAAGGDDKIIF	6	7.389781	-1.0903198
11410	CSARGSGRAPDTQYF	16	6.7102394	-1.074565
11491	CSARPWESLSYEQYF	1	6.746895	-2.0164325
11545	CSARPWESLSYEQYF	19	6.4447536	-1.7332066
11560	CSARTGDGDTGELFF	10	-0.69363594	4.3089185
11607	CSARGSGRAPDTQYF	16	5.1041045	-3.1537867
11695	CSARPWESLSYEQYF	12	3.439978	-1.6164593
11717	CSARTGDGDTGELFF	10	-0.42850056	3.793593
11748	CSARGSGRAPDTQYF	9	4.842231	-2.8355997
11812	CSARGSGRAPDTQYF	10	6.1531606	-0.7039583
11894	CSARPWESLSYEQYF	13	2.97651	-0.83758044
11920	CSARPWESLSYEQYF	17	3.0453064	-0.4955169
11925	CSARGSGRAPDTQYF	8	3.2806964	2.7550125
11943	CSARGSGRAPDTQYF	9	7.7436495	-0.7245966
12144	CSARGSGRAPDTQYF	23	5.279847	-0.39859343
12156	CSARGSGRAPDTQYF	8	3.2423244	-1.2657546
12167	CSARTGDGDTGELFF	12	-1.4689325	5.1095986
12200	CSARGSGRAPDTQYF	13	7.4660373	-1.5277635
12208	CSARGSGRAPDTQYF	16	5.7936335	-2.375025
12249	CSARPWESLSYEQYF	8	2.854145	1.0632149
12311	CSARGSGRAPDTQYF	13	5.265203	-1.6659807
12341	CSARGSGRAPDTQYF	12	3.1852324	0.7646098
12410	CSARGSGRAPDTQYF	9	3.935365	-1.1269966
12414	CSARGSGRAPDTQYF	6	3.164112	1.5442141
12436	CSARGSGRAPDTQYF	8	3.801642	-2.0828264
12445	CSARTGDGDTGELFF	7	-1.3119959	4.3547974
12579	CAAGGDDKIIF	4	8.141309	-1.9513749
12606	CSARTGDGDTGELFF	5	-0.5415086	3.7929828
12609	CSARTGDGDTGELFF	15	-1.3078945	5.036017
12619	CSARTGDGDTGELFF	5	-1.7508361	4.6617036
12637	CSARGSGRAPDTQYF	14	4.4154596	-2.2983382
12643	CSARGSGRAPDTQYF	7	6.826917	-1.8724872
12689	CSARTGDGDTGELFF	15	-0.6147475	1.97049
12712	CSARTGDGDTGELFF	10	-0.45406762	4.2828274
12912	CSARPWESLSYEQYF	3	3.0961998	-0.4109887
13020	CSARGSGRAPDTQYF	10	5.856401	-1.9877945
13059	CSARGSGRAPDTQYF	13	4.2847514	-2.400589
13118	CSARGSGRAPDTQYF	13	6.206395	-1.4087771
13182	CSARGSGRAPDTQYF	13	3.4353974	0.43920952
13302	CSARGSGRAPDTQYF	10	4.6758666	-1.8818976
13372	CSARTGDGDTGELFF	8	3.5746512	-2.1556022
13381	CSARPWESLSYEQYF	4	3.1374757	2.1998653
13437	CSARPWESLSYEQYF	8	3.4975092	0.7548377
13516	CSARGSGRAPDTQYF	11	4.2851653	-2.592951
13517	CSARPWESLSYEQYF	12	3.1595716	0.24249037
13807	CSARPWESLSYEQYF	17	2.986996	0.54007703
13858	CSARGSGRAPDTQYF	8	4.2915506	-1.9453183
13890	CSARPWESLSYEQYF	7	3.0385108	0.4458468
13935	CSARGSGRAPDTQYF	11	7.931785	-1.7970427
13996	CSARTGDGDTGELFF	6	-1.132975	4.828564
14062	CSARGSGRAPDTQYF	15	6.414552	-2.5205078
14131	CSARGSGRAPDTQYF	7	6.222721	-2.2038956
14136	CSARGSGRAPDTQYF	9	5.4079013	-3.577845
14200	CSARGSGRAPDTQYF	11	3.8894486	-1.3313295
14233	CSARPWESLSYEQYF	9	3.0990176	-1.0110545
14262	CSARPWESLSYEQYF	9	3.8055108	-1.1291827
14296	CSARGSGRAPDTQYF	11	7.2843227	-1.5095416
14299	CSARTGDGDTGELFF	7	-0.71867394	2.4428353
14360	CSARGSGRAPDTQYF	13	6.551103	-3.0612507
14386	CSARGSGRAPDTQYF	6	-1.7200953	4.7798963
14582	CSARTGDGDTGELFF	8	-0.7227213	3.5867765
14719	CSARGSGRAPDTQYF	10	7.5533814	-2.054038
14749	CSARGSGRAPDTQYF	8	4.734142	-2.7726443
14762	CSARPWESLSYEQYF	13	3.4156802	-1.8687462
14764	CSARPWESLSYEQYF	14	3.071629	-1.5506605
14907	CSARTGDGDTGELFF	7	2.9006374	-3.1866984
14948	CSARTGDGDTGELFF	7	-0.15477817	3.1038036
14973	CSARGSGRAPDTQYF	11	7.0095925	-1.7269188
15014	CSARGSGRAPDTQYF	12	4.358029	-1.839563
15097	CAAGGDDKIIF	1	7.163363	-2.8871489
15127	CSARPWESLSYEQYF	11	2.7788568	0.39691287
15166	CSARPWESLSYEQYF	19	3.3002856	-1.992972
15268	CSARGSGRAPDTQYF	17	4.387156	-1.0255712
15288	CSARPWESLSYEQYF	11	-5.527232	-2.0320177
15363	CSARPWESLSYEQYF	9	2.9405475	0.39170367
15401	CSARGSGRAPDTQYF	21	6.2221127	-1.5420734
15448	CAAGGDDKIIF	2	5.5101743	-3.3301044
15490	CSARGSGRAPDTQYF	10	5.219213	-2.0558724
15494	CSARTGDGDTGELFF	10	3.5861306	-0.9372275
15515	CSARGSGRAPDTQYF	14	3.505273	1.7292709
15563	CSARPWESLSYEQYF	11	3.7551453	-1.1481026
15580	CSARGSGRAPDTQYF	13	5.1265516	-2.2624469
15689	CSARGSGRAPDTQYF	13	5.635105	-2.5040512
15746	CSARPWESLSYEQYF	6	2.9142313	-0.8606566
15756	CSARGSGRAPDTQYF	7	3.2321615	2.9551747
15758	CSARPWESLSYEQYF	14	3.3923552	-1.8619672
15765	CSARPWESLSYEQYF	8	3.6519513	-1.8939446
15778	CAAGGDDKIIF	4	6.8517876	-3.2631216
15785	CSARTGDGDTGELFF	11	-0.23821764	2.993018
15812	CSARPWESLSYEQYF	8	2.858748	-0.54404557
15829	CSARGSGRAPDTQYF	14	6.9599156	-0.7358786
15946	CSARPWESLSYEQYF	9	2.9742706	0.5805724
15990	CSARTGDGDTGELFF	6	-0.53383344	3.3849313
16078	CSARPWESLSYEQYF	12	3.6035404	-1.1031924
16085	CSARGSGRAPDTQYF	9	3.2658575	-1.4604036
16086	CSARGSGRAPDTQYF	10	-3.7347376	4.7136745
16103	CSARTGDGDTGELFF	5	0.2784608	2.4592054
16107	CSARGSGRAPDTQYF	7	4.248629	-2.3490798
16141	CSARPWESLSYEQYF	10	3.277408	-0.083354704
16164	CSARPWESLSYEQYF	13	3.3850107	0.9107288
16190	CSARGSGRAPDTQYF	19	6.129173	-1.7232267
16247	CSARGSGRAPDTQYF	13	5.7790227	-2.9577255
16259	CAAGGDDKIIF	1	4.2301598	-2.296296
16265	CSARGSGRAPDTQYF	6	4.5819936	-2.445187
16304	CSARPWESLSYEQYF	9	3.6053383	-1.177688
16352	CSARPWESLSYEQYF	9	3.8918366	-1.6149138
16363	CSARPWESLSYEQYF	13	3.3516152	2.8521256
16371	CSARGSGRAPDTQYF	9	5.144227	-2.4763074
16442	CSARGSGRAPDTQYF	12	6.6389985	-1.2401475
16448	CSARPWESLSYEQYF	5	2.8986924	2.5518272
16488	CSARTGDGDTGELFF	9	-0.5051186	1.8263406
16620	CSARGSGRAPDTQYF	13	5.0174575	-2.7590399
16691	CSARTGDGDTGELFF	11	-1.307784	4.354545
16709	CSARPWESLSYEQYF	13	-3.265552	-2.2562723
16734	CSARGSGRAPDTQYF	11	5.985909	-0.49804747
16752	CSARPWESLSYEQYF	5	3.5376327	-0.5222671
16753	CSARTGDGDTGELFF	9	-0.57549745	4.0347357
16778	CSARPWESLSYEQYF	12	2.6668136	1.8262832
16799	CSARGSGRAPDTQYF	10	4.4159036	-2.558327
16873	CSARPWESLSYEQYF	8	2.82409	1.6823384
16874	CSARTGDGDTGELFF	10	2.279439	0.06402213
16901	CSARGSGRAPDTQYF	11	4.779118	-2.980229
16911	CSARTGDGDTGELFF	12	0.63382596	3.09158
16976	CSARGSGRAPDTQYF	13	4.9224834	-2.2666895
17000	CSARPWESLSYEQYF	11	3.0001187	0.10787011
17018	CSARPWESLSYEQYF	10	3.0392046	-0.8440504
17111	CAAGGDDKIIF	1	7.097521	-2.149948
17191	CAAGGDDKIIF	3	5.4178195	-3.6994572
17210	CSARGSGRAPDTQYF	15	7.5071664	-1.6320075
17226	CAAGGDDKIIF	2	6.779314	-2.7481523
17250	CSARGSGRAPDTQYF	15	6.743411	-0.97366405
17325	CSARPWESLSYEQYF	7	4.948997	-2.6376727
17397	CSARTGDGDTGELFF	3	-1.7703159	4.5956926
17407	CSARPWESLSYEQYF	17	4.4935226	-2.108112
17474	CSARGSGRAPDTQYF	12	6.3365874	-1.7055348
17549	CSARPWESLSYEQYF	7	5.660639	-3.2149024
17585	CSARTGDGDTGELFF	10	1.3978369	0.21450885
17602	CSARTGDGDTGELFF	9	-0.70972306	1.6873007
17631	CSARGSGRAPDTQYF	2	7.2431393	-0.48735356
17633	CSARPWESLSYEQYF	9	3.1269586	-0.27576768
17646	CSARPWESLSYEQYF	19	5.8563085	-1.3953987
17658	CSARGSGRAPDTQYF	10	4.6494465	-3.3181486
17682	CSARGSGRAPDTQYF	18	6.6833873	-2.0046365
17781	CSARGSGRAPDTQYF	14	4.7092137	-2.8581746
17818	CSARGSGRAPDTQYF	10	4.746911	-2.7328792
17846	CSARPWESLSYEQYF	14	2.397092	0.6637632
17861	CSARPWESLSYEQYF	11	3.5966365	-1.3586684
17947	CSARPWESLSYEQYF	14	2.664598	0.2114789
17964	CSARPWESLSYEQYF	11	3.4541123	-1.3084749
17990	CSARGSGRAPDTQYF	16	3.636849	-1.7849859
18012	CSARTGDGDTGELFF	5	-1.1194617	4.76665
18078	CSARTGDGDTGELFF	10	-1.6443057	3.6577206
18143	CSARPWESLSYEQYF	13	2.8746958	0.13212205
18145	CSARPWESLSYEQYF	7	4.3010645	-2.314505
18167	CSARPWESLSYEQYF	17	7.5530443	-1.232869
18193	CSARGSGRAPDTQYF	11	3.831829	-1.3095356
18200	CSARTGDGDTGELFF	9	0.1663778	1.6232431
18234	CSARGSGRAPDTQYF	5	4.3534594	-1.2811126
18252	CSARPWESLSYEQYF	7	2.1706676	0.22822239
18254	CSARTGDGDTGELFF	7	-1.7452943	4.0833435
18285	CSARGSGRAPDTQYF	9	7.5988307	-1.6333026
18294	CSARPWESLSYEQYF	8	2.7061524	-0.99760985
18341	CSARGSGRAPDTQYF	10	4.8620467	-1.8504158
18461	CSARGSGRAPDTQYF	12	5.789055	-1.6905133
18542	CSARPWESLSYEQYF	6	-1.3981174	4.117131
18597	CSARGSGRAPDTQYF	9	5.1706448	-2.4866683
18612	CSARTGDGDTGELFF	9	-1.3679271	5.036713
18613	CSARPWESLSYEQYF	5	5.2034197	-1.30982
18704	CSARGSGRAPDTQYF	12	5.700953	-2.8227623
18772	CSARGSGRAPDTQYF	12	6.6766486	-2.8921225
18790	CSARTGDGDTGELFF	6	6.1188464	-0.3182379
18821	CSARGSGRAPDTQYF	5	1.5149343	1.8816473
18899	CSARGSGRAPDTQYF	11	3.3441992	2.94873
18929	CSARPWESLSYEQYF	9	-3.0968876	-2.6709676
